sa2_code16,sa2_name,n_blocks,persons,abs_usual_resident_pop,coverage_of_abs_pop,uhi_mean,canopy_pct,uhi_block_mean,canopy_block_mean,irsd_score,irsd_decile,included_in_analysis,exclusion_reason
206011105,Brunswick,363,25404,25440,0.999,8.813,9.187,8.954,8.26,1053,8,True,
206011106,Brunswick East,147,10985,10962,1.002,8.721,8.991,8.693,10.771,1066,9,True,
206011107,Brunswick West,206,13700,13737,0.997,9.017,10.229,9.113,11.865,1032,7,True,
206011108,Coburg,326,26121,26166,0.998,9.004,9.486,9.117,9.927,1024,6,True,
206011109,Pascoe Vale South,118,9930,9960,0.997,9.018,9.225,9.064,10.596,1058,8,True,
206021110,Alphington - Fairfield,132,8910,8934,0.997,7.677,16.324,7.789,14.799,1073,9,True,
206021111,Northcote,347,24684,24667,1.001,7.898,12.821,7.904,13.647,1064,8,True,
206021112,Thornbury,264,18488,18466,1.001,8.368,10.931,8.413,11.117,1038,7,True,
206031113,Ascot Vale,182,14714,14750,0.998,9.419,11.559,9.361,10.945,1003,5,True,
206031114,Essendon - Aberfeldie,363,27481,27487,1.0,9.436,10.579,9.51,10.845,1078,9,True,
206031115,Flemington,123,10113,10115,1.0,8.29,17.919,8.739,17.514,904,2,True,
206031116,Moonee Ponds,198,14258,14250,1.001,9.471,10.244,9.497,9.743,1069,9,True,
206041117,Carlton,197,19008,19001,1.0,8.026,9.761,8.339,11.398,928,2,True,
206041118,Docklands,56,10938,10965,0.998,5.897,6.387,6.055,5.667,1060,8,True,
206041119,East Melbourne,90,4936,4962,0.995,7.782,16.815,7.684,17.45,1120,10,True,
206041120,Flemington Racecourse,1,85,85,1.0,8.987,7.289,8.987,7.289,1111,10,False,fewer than 500 residents
206041121,Kensington (Vic.),160,10827,10812,1.001,9.06,15.851,9.096,14.72,1053,8,True,
206041122,Melbourne,265,37342,37321,1.001,6.64,4.918,7.263,5.898,968,4,True,
206041123,North Melbourne,229,20657,20637,1.001,8.524,13.8,8.739,13.682,989,5,True,
206041124,Parkville,89,7417,7409,1.001,8.562,17.496,8.647,16.841,1058,8,True,
206041125,South Yarra - West,95,6120,6096,1.004,7.064,19.247,7.053,18.656,1112,10,True,
206041126,Southbank,98,18676,18669,1.0,6.627,5.855,7.215,7.341,1067,9,True,
206041127,West Melbourne,14,3,,,10.286,4.059,7.235,2.099,,,False,no SEIFA published by ABS
206051128,Albert Park,212,15373,15384,0.999,6.759,13.624,6.601,12.977,1095,10,True,
206051129,Elwood,237,15233,15222,1.001,6.582,20.735,6.481,19.984,1092,10,True,
206051130,Port Melbourne,201,16121,16163,0.997,6.692,10.22,6.804,11.867,1071,9,True,
206051131,Port Melbourne Industrial,46,10,,,6.199,5.86,7.16,5.042,,,False,no SEIFA published by ABS
206051132,South Melbourne,223,11509,11550,0.996,7.826,12.963,8.387,12.364,1030,7,True,
206051133,St Kilda,433,26146,26124,1.001,7.675,14.649,7.63,14.948,1058,8,True,
206051134,St Kilda East,258,16346,16417,0.996,8.067,15.53,8.09,15.013,1066,8,True,
206061135,Armadale,156,8992,8972,1.002,7.547,19.076,7.62,16.5,1091,10,True,
206061136,Prahran - Windsor,313,19702,19714,0.999,7.663,14.395,7.694,14.129,1072,9,True,
206061137,South Yarra - East,309,20760,20728,1.002,7.294,15.571,7.259,17.126,1061,8,True,
206061138,Toorak,210,13039,13050,0.999,6.891,24.209,6.916,22.851,1112,10,True,
206071139,Abbotsford,110,8173,8184,0.999,7.238,10.67,7.878,11.791,1077,9,True,
206071140,Carlton North - Princes Hill,113,8424,8428,1.0,8.844,12.075,8.789,12.816,1084,9,True,
206071141,Collingwood,123,8489,8513,0.997,8.369,10.371,8.716,7.645,936,2,True,
206071142,Fitzroy,176,10408,10445,0.996,7.866,15.054,8.23,10.768,957,3,True,
206071143,Fitzroy North,179,12315,12339,0.998,8.261,13.12,8.287,14.015,1064,8,True,
206071144,Richmond (Vic.),545,30509,30499,1.0,8.053,10.907,8.244,9.066,1036,7,True,
206071145,Yarra - North,147,9082,9044,1.004,7.87,15.03,7.805,16.334,1100,10,True,
207011146,Ashburton (Vic.),103,7761,7751,1.001,7.808,17.42,7.825,17.05,1081,9,True,
207011147,Balwyn,220,15906,15831,1.005,7.608,18.342,7.61,19.148,1076,9,True,
207011148,Balwyn North,228,20260,20224,1.002,8.002,17.587,8.035,18.244,1083,9,True,
207011149,Camberwell,275,21333,21400,0.997,7.488,20.215,7.471,19.64,1107,10,True,
207011150,Glen Iris - East,207,16329,16326,1.0,7.479,18.976,7.328,20.603,1125,10,True,
207011151,Hawthorn,331,22938,22973,0.998,7.403,17.535,7.418,17.777,1087,9,True,
207011152,Hawthorn East,206,15186,15166,1.001,7.416,17.401,7.518,16.154,1094,10,True,
207011153,Kew,342,24670,24725,0.998,7.598,19.215,7.544,19.384,1100,10,True,
207011154,Kew East,97,6497,6513,0.998,7.82,18.814,7.636,20.348,1098,10,True,
207011155,Surrey Hills (West) - Canterbury,221,16302,16319,0.999,6.81,22.74,6.849,22.404,1116,10,True,
207021156,Bulleen,145,11048,11045,1.0,8.846,11.41,8.501,13.959,1047,7,True,
207021157,Doncaster,257,20539,20584,0.998,8.599,13.285,8.534,13.809,1037,7,True,
207021159,Templestowe,188,16636,16618,1.001,8.438,17.284,8.322,18.735,1085,9,True,
207021160,Templestowe Lower,151,13597,13598,1.0,8.942,15.017,8.904,15.726,1064,8,True,
207021424,Doncaster East (North),162,14589,14573,1.001,8.717,14.598,8.485,17.353,1077,9,True,
207021425,Doncaster East (South),180,13918,13956,0.997,8.744,13.082,8.727,13.399,1029,7,True,
207031161,Blackburn,280,21409,21382,1.001,7.733,20.458,7.635,20.598,1073,9,True,
207031162,Blackburn South,115,10746,10793,0.996,8.3,16.115,8.168,17.422,1035,7,True,
207031163,Box Hill,284,19808,19828,0.999,7.885,16.795,7.879,16.317,1016,6,True,
207031164,Box Hill North,201,17526,17552,0.999,8.301,16.446,8.19,17.855,1053,8,True,
207031165,Burwood,142,12216,12248,0.997,8.153,13.952,8.114,14.019,1002,5,True,
207031166,Burwood East,116,10234,10273,0.996,8.619,12.011,8.52,13.558,1025,6,True,
207031167,Surrey Hills (East) - Mont Albert,119,9973,9965,1.001,7.516,21.771,7.58,21.441,1108,10,True,
208011168,Beaumaris,169,13488,13472,1.001,6.929,19.765,6.612,18.986,1117,10,True,
208011169,Brighton (Vic.),331,22715,22695,1.001,7.516,17.031,7.233,14.915,1107,10,True,
208011170,Brighton East,177,15802,15838,0.998,8.347,15.996,8.37,16.547,1100,10,True,
208011171,Cheltenham - Highett (West),151,10920,10938,0.998,8.536,14.579,8.351,13.684,1070,9,True,
208011172,Hampton,212,17670,17640,1.002,7.921,15.037,7.841,14.411,1078,9,True,
208011173,Sandringham - Black Rock,237,16532,16506,1.002,6.907,16.912,6.324,16.084,1104,10,True,
208021174,Bentleigh - McKinnon,281,22389,22415,0.999,8.697,11.318,8.728,10.434,1069,9,True,
208021176,Carnegie,223,18059,18066,1.0,8.495,11.585,8.531,11.429,1062,8,True,
208021177,Caulfield - North,256,21026,20976,1.002,8.148,16.19,8.155,15.609,1087,9,True,
208021178,Caulfield - South,215,17431,17448,0.999,8.705,13.16,8.725,12.814,1087,9,True,
208021179,Elsternwick,159,11352,11354,1.0,8.154,14.964,8.183,14.416,1090,10,True,
208021180,Hughesdale,91,7544,7556,0.998,8.534,11.521,8.547,11.692,1043,7,True,
208021181,Murrumbeena,113,9274,9251,1.002,8.502,12.744,8.428,13.937,1073,9,True,
208021182,Ormond - Glen Huntly,172,13347,13339,1.001,8.919,12.494,8.985,12.705,1064,8,True,
208021426,Bentleigh East (North),156,14785,14784,1.0,9.084,9.825,9.131,9.701,1065,8,True,
208021427,Bentleigh East (South),139,13214,13238,0.998,9.109,10.665,9.055,10.757,1065,8,True,
208031183,Aspendale Gardens - Waterways,91,9004,8989,1.002,9.861,8.9,9.727,8.467,1088,9,True,
208031184,Braeside,33,53,58,0.914,9.958,11.42,9.3,5.854,765,1,False,fewer than 500 residents
208031185,Carrum - Patterson Lakes,209,11567,11548,1.002,8.558,10.705,7.482,7.884,1050,8,True,
208031186,Chelsea - Bonbeach,241,14181,14191,0.999,9.335,8.38,8.642,7.055,1033,7,True,
208031187,Chelsea Heights,65,5320,5335,0.997,10.194,10.746,9.838,10.831,1039,7,True,
208031188,Cheltenham - Highett (East),308,22292,22270,1.001,9.974,10.61,10.047,9.641,1048,8,True,
208031189,Edithvale - Aspendale,202,12743,12747,1.0,9.059,9.242,7.932,7.431,1078,9,True,
208031190,Mentone,205,12988,12965,1.002,9.007,10.664,8.767,10.434,1061,8,True,
208031191,Moorabbin - Heatherton,150,8670,8803,0.985,9.526,11.13,9.541,8.89,1046,7,True,
208031192,Moorabbin Airport,2,0,,,,,11.302,2.555,,,False,no SEIFA published by ABS
208031193,Mordialloc - Parkdale,296,20003,19917,1.004,8.975,11.327,8.724,10.042,1070,9,True,
208041194,Malvern - Glen Iris,319,19989,20042,0.997,7.79,18.569,7.826,17.421,1105,10,True,
208041195,Malvern East,290,21361,21321,1.002,7.849,18.542,7.877,17.523,1092,10,True,
209011196,Bundoora - East,105,9923,9894,1.003,9.338,10.223,9.212,11.168,1023,6,True,
209011197,Greensborough,246,20440,20463,0.999,8.369,20.315,8.33,20.523,1070,9,True,
209011198,Heidelberg - Rosanna,204,14791,14775,1.001,8.352,16.611,8.31,17.57,1077,9,True,
209011199,Heidelberg West,203,14141,14149,0.999,8.163,14.011,8.188,13.632,931,2,True,
209011200,Ivanhoe,171,11411,11390,1.002,7.718,18.598,7.747,19.068,1089,9,True,
209011201,Ivanhoe East - Eaglemont,99,7698,7691,1.001,7.206,24.587,7.061,25.528,1121,10,True,
209011202,Montmorency - Briar Hill,201,16101,16096,1.0,7.851,26.282,7.857,25.256,1087,9,True,
209011203,Viewbank - Yallambie,219,18279,18303,0.999,8.799,16.466,8.608,17.527,1067,9,True,
209011204,Watsonia,108,9107,9112,0.999,9.04,13.791,9.022,14.23,1036,7,True,
209021205,Kingsbury,96,11322,11328,0.999,8.799,13.96,8.75,14.211,1014,6,True,
209021207,Reservoir - East,341,27028,27077,0.998,8.937,8.858,8.982,9.171,940,2,True,
209021208,Reservoir - West,304,23987,24036,0.998,8.713,8.079,8.757,8.687,966,3,True,
209021428,Preston - East,288,20016,20022,1.0,8.681,9.004,8.826,8.154,979,4,True,
209021429,Preston - West,151,12158,12189,0.997,8.569,9.912,8.599,10.55,1029,7,True,
209031209,Eltham,263,22868,22899,0.999,7.08,30.888,7.081,29.697,1104,10,True,
209031210,Hurstbridge,38,3113,3450,0.902,5.696,37.879,5.782,35.24,1072,9,True,
209031212,Panton Hill - St Andrews,18,1314,5152,0.255,4.713,37.899,4.873,35.972,1092,10,True,
209031213,Plenty - Yarrambat,82,6856,9365,0.732,8.298,16.419,8.199,17.669,1101,10,True,
209031214,Research - North Warrandyte,71,5322,6706,0.794,4.972,38.528,4.813,38.107,1117,10,True,
209031215,Wattle Glen - Diamond Creek,143,13215,13698,0.965,7.766,21.984,7.586,22.514,1091,10,True,
209041216,Bundoora - North,69,7459,7451,1.001,9.411,8.551,9.258,9.212,1044,7,True,
209041217,Bundoora - West,88,6180,6192,0.998,9.016,8.765,8.964,10.343,980,4,True,
209041219,Lalor,253,22823,22808,1.001,9.365,4.929,9.377,5.268,897,1,True,
209041220,Mill Park - North,187,17853,17824,1.002,9.072,8.587,9.007,9.347,1022,6,True,
209041221,Mill Park - South,129,11847,11891,0.996,9.323,9.665,9.249,9.911,1002,5,True,
209041223,Thomastown,279,20326,20311,1.001,9.243,5.088,9.253,5.317,879,1,True,
209041224,Wallan,120,10774,16219,0.664,6.635,7.561,6.571,7.41,1024,6,True,
209041225,Whittlesea,67,4805,8127,0.591,8.969,10.078,8.682,10.477,1025,6,True,
209041430,Doreen,210,20962,20937,1.001,10.341,7.077,10.079,7.206,1060,8,True,
209041431,Epping - East,128,13156,13167,0.999,9.112,6.934,8.996,7.864,979,4,True,
209041432,Epping - South,132,8354,8334,1.002,9.313,7.183,9.225,7.369,934,2,True,
209041433,Epping - West,121,10862,10885,0.998,9.667,4.984,9.532,5.366,1008,5,True,
209041434,Mernda,174,16477,16458,1.001,10.666,5.429,10.379,6.219,1033,7,True,
209041435,South Morang (North),114,12065,12048,1.001,10.07,7.084,9.882,7.658,1060,8,True,
209041436,South Morang (South),129,12014,12009,1.0,9.825,8.066,9.424,9.063,1025,6,True,
209041437,Wollert,89,9008,9060,0.994,10.12,1.727,10.038,1.844,1022,6,True,
210011226,Airport West,126,7540,7564,0.997,9.933,6.36,9.904,7.185,1021,6,True,
210011227,Essendon Airport,1,0,,,,,11.22,1.378,,,False,no SEIFA published by ABS
210011228,Keilor,152,8408,8505,0.989,10.023,11.061,9.699,10.423,1049,8,True,
210011229,Keilor East,316,26157,26147,1.0,10.211,7.377,10.104,8.105,1017,6,True,
210011230,Niddrie - Essendon West,92,6905,6923,0.997,9.784,9.149,9.743,9.328,1059,8,True,
210011231,Strathmore,123,9449,9428,1.002,9.884,11.418,9.917,13.175,1097,10,True,
210031236,Coburg North,153,7689,7678,1.001,8.952,9.234,9.08,9.884,1004,5,True,
210031237,Fawkner,150,13755,13768,0.999,9.363,6.822,9.373,7.367,916,2,True,
210031239,Pascoe Vale,283,23476,23447,1.001,9.416,8.9,9.374,10.562,1034,7,True,
210031438,Glenroy,253,22139,22107,1.001,9.563,7.98,9.637,8.417,949,3,True,
210031439,Gowanbrae,26,2912,2904,1.003,10.929,5.641,10.91,5.539,1074,9,True,
210031440,Hadfield,69,5589,5604,0.997,9.534,6.007,9.531,6.783,948,3,True,
210041240,Sunbury,127,11607,12715,0.913,8.566,12.374,8.413,13.936,1044,7,True,
210041241,Sunbury - South,320,25954,26655,0.974,9.364,9.149,9.271,9.662,1020,6,True,
210051242,Broadmeadows,141,13263,13305,0.997,9.258,8.557,9.215,8.415,782,1,True,
210051243,Campbellfield - Coolaroo,243,16123,16122,1.0,9.372,6.197,9.218,5.605,798,1,True,
210051245,Gladstone Park - Westmeadows,203,17621,17608,1.001,9.966,8.304,9.993,9.233,993,5,True,
210051246,Greenvale - Bulla,160,15881,16292,0.975,9.346,7.735,9.353,7.822,1058,8,True,
210051247,Meadow Heights,135,14847,14842,1.0,9.573,6.276,9.605,6.832,821,1,True,
210051248,Melbourne Airport,3,97,181,0.536,10.181,4.514,11.099,3.41,1061,8,False,fewer than 500 residents
210051249,Roxburgh Park - Somerton,179,21847,21817,1.001,9.511,6.865,9.394,6.964,905,2,True,
210051250,Tullamarine,94,6419,6458,0.994,9.968,7.148,9.89,6.999,963,3,True,
210051441,Craigieburn - Central,73,8388,8390,1.0,8.49,7.766,8.472,7.715,942,3,True,
210051442,Craigieburn - North,96,11562,11524,1.003,8.842,6.837,8.761,6.946,997,5,True,
210051443,Craigieburn - South,150,16246,16288,0.997,8.987,5.984,8.79,7.105,967,3,True,
210051444,Craigieburn - West,119,14149,14152,1.0,9.192,2.893,9.201,2.648,979,4,True,
210051445,Mickleham - Yuroke,9,2010,3385,0.594,8.743,2.561,9.0,2.353,1050,8,True,
211011251,Bayswater,167,12063,12078,0.999,7.846,13.614,8.006,11.566,1005,5,True,
211011254,Knoxfield - Scoresby,177,15073,15088,0.999,8.238,12.562,7.88,12.316,1051,8,True,
211011255,Lysterfield,55,6447,6580,0.98,7.536,14.853,7.389,16.032,1104,10,True,
211011256,Rowville - Central,142,15196,15215,0.999,8.125,11.96,7.924,12.396,1067,9,True,
211011257,Rowville - North,76,7988,8005,0.998,8.438,10.012,7.845,11.119,1080,9,True,
211011258,Rowville - South,99,10562,10573,0.999,8.592,11.683,8.138,13.732,1090,10,True,
211011259,Wantirna,145,13949,13926,1.002,8.218,14.161,8.033,15.209,1053,8,True,
211011260,Wantirna South,177,17800,17805,1.0,8.409,11.958,8.252,13.01,1056,8,True,
211011446,Boronia,283,22118,22096,1.001,7.03,19.172,7.165,18.164,1014,6,True,
211011447,Ferntree Gully (North),171,13872,13890,0.999,6.711,18.685,6.745,18.529,1021,6,True,
211011448,Ferntree Gully (South) - Upper Ferntree Gully,186,14584,14621,0.997,7.107,16.898,7.003,16.513,1043,7,True,
211011449,The Basin,47,4266,4271,0.999,4.508,34.23,4.363,35.526,1058,8,True,
211021261,Donvale - Park Orchards,189,15751,15942,0.988,6.671,25.888,6.484,27.055,1095,10,True,
211021262,Warrandyte - Wonga Park,110,8693,10049,0.865,5.682,32.661,5.385,33.422,1107,10,True,
211031263,Bayswater North,156,11794,11773,1.002,7.048,19.567,7.01,18.781,1034,7,True,
211031265,Croydon Hills - Warranwood,190,17998,17985,1.001,6.983,22.742,6.805,24.921,1093,10,True,
211031266,Ringwood,262,17179,17149,1.002,7.326,16.426,7.523,15.528,1012,6,True,
211031267,Ringwood East,247,20252,20260,1.0,6.77,22.024,6.758,22.601,1051,8,True,
211031268,Ringwood North,105,9557,9524,1.003,6.612,22.687,6.451,24.632,1095,10,True,
211031450,Croydon - East,204,15206,15182,1.002,7.162,20.158,7.285,19.011,1005,5,True,
211031451,Croydon - West,155,13365,13351,1.001,7.13,19.85,7.101,19.782,1033,7,True,
211031452,Croydon South,57,4711,4715,0.999,6.761,20.73,6.632,21.246,1044,7,True,
211041269,Forest Hill,118,10636,10626,1.001,8.032,16.384,8.028,16.736,1029,6,True,
211041270,Mitcham (Vic.),214,16128,16148,0.999,7.614,20.445,7.716,20.183,1063,8,True,
211041271,Nunawading,149,11904,11876,1.002,7.886,17.057,7.927,16.433,1045,7,True,
211041272,Vermont,117,10474,10442,1.003,7.761,19.468,7.618,19.636,1069,9,True,
211041273,Vermont South,123,11685,11678,1.001,8.467,15.313,8.199,17.041,1071,9,True,
211051274,Belgrave - Selby,62,4475,10019,0.447,4.746,47.726,4.951,44.874,1074,9,True,
211051275,Chirnside Park,96,9246,9872,0.937,7.506,15.069,7.499,14.466,1059,8,True,
211051276,Healesville - Yarra Glen,141,11324,13710,0.826,4.97,27.178,4.85,28.148,1018,6,True,
211051277,Kilsyth,104,9004,9178,0.981,6.711,19.72,6.702,19.351,1017,6,True,
211051278,Lilydale - Coldstream,211,17738,18721,0.947,7.07,18.072,7.049,18.323,1034,7,True,
211051279,Monbulk - Silvan,38,2876,5632,0.511,4.777,36.297,5.385,32.128,1054,8,True,
211051280,Montrose,68,6147,6803,0.904,4.775,34.125,4.713,34.751,1060,8,True,
211051281,Mooroolbark,240,22065,22056,1.0,7.028,18.274,6.999,18.615,1036,7,True,
211051282,Mount Dandenong - Olinda,5,185,9707,0.019,1.349,51.508,0.179,54.305,1085,9,False,fewer than 500 residents
211051283,Mount Evelyn,97,8516,9702,0.878,5.45,36.148,5.369,36.403,1053,8,True,
211051284,Upwey - Tecoma,104,9607,9610,1.0,4.451,45.958,4.652,43.972,1068,9,True,
211051285,Wandin - Seville,52,5392,7601,0.709,6.725,25.543,6.733,25.125,1054,8,True,
211051286,Yarra Valley,166,11665,16161,0.722,5.273,31.241,4.5,32.949,982,4,True,
212011287,Beaconsfield - Officer,139,11798,13022,0.906,11.774,7.432,11.362,8.514,1071,9,True,
212011288,Bunyip - Garfield,78,5382,8638,0.623,6.767,13.758,6.858,13.357,1040,7,True,
212011289,Emerald - Cockatoo,165,13304,18000,0.739,4.266,45.059,4.345,44.307,1064,8,True,
212011290,Koo Wee Rup,41,3020,7481,0.404,10.044,6.081,9.976,6.652,996,5,True,
212011291,Pakenham - North,169,18289,18603,0.983,11.955,7.368,11.838,7.44,991,5,True,
212011292,Pakenham - South,321,28311,28541,0.992,12.127,5.8,11.738,6.326,992,5,True,
212021293,Berwick - North,283,22857,22894,0.998,11.179,14.234,10.923,15.349,1059,8,True,
212021294,Berwick - South,238,25818,25801,1.001,12.81,8.749,12.547,9.171,1060,8,True,
212021295,Doveton,140,11239,11306,0.994,8.336,8.521,8.187,10.455,826,1,True,
212021297,Hallam,127,10789,10761,1.003,9.481,8.259,9.124,8.461,946,3,True,
212021299,Narre Warren North,89,7489,7759,0.965,8.174,14.337,8.01,15.607,1084,9,True,
212021453,Endeavour Hills - North,127,11898,11892,1.001,8.298,10.429,7.893,12.956,1002,5,True,
212021454,Endeavour Hills - South,151,13372,13357,1.001,8.974,9.42,8.694,11.253,1009,6,True,
212021455,Narre Warren - North East,133,13442,13409,1.002,11.536,9.238,11.466,9.831,1024,6,True,
212021456,Narre Warren - South West,168,14002,13946,1.004,11.213,9.721,11.044,10.898,975,4,True,
212031300,Cranbourne,251,20084,20094,1.0,11.721,8.905,11.666,10.057,940,3,True,
212031301,Cranbourne East,208,25702,25688,1.001,13.835,3.697,13.846,3.591,1038,7,True,
212031302,Cranbourne North,178,20085,20110,0.999,12.868,6.499,12.415,7.484,1002,5,True,
212031303,Cranbourne South,56,5079,8819,0.576,10.213,7.995,9.963,8.777,1060,8,True,
212031304,Cranbourne West,134,15028,15053,0.998,10.482,4.722,10.385,4.909,997,5,True,
212031305,Hampton Park - Lynbrook,243,25508,25530,0.999,9.706,8.176,9.46,8.742,927,2,True,
212031306,Lynbrook - Lyndhurst,120,15185,15224,0.997,10.423,6.384,10.225,6.312,1039,7,True,
212031308,Pearcedale - Tooradin,73,6347,7741,0.82,8.395,17.094,7.94,17.513,1031,7,True,
212031457,Narre Warren South (East),117,13119,13122,1.0,13.211,10.164,12.89,10.144,1058,8,True,
212031458,Narre Warren South (West),138,16766,16783,0.999,12.661,8.119,12.484,8.619,996,5,True,
212041309,Clarinda - Oakleigh South,129,11635,11650,0.999,9.974,8.341,9.918,8.347,992,5,True,
212041310,Clayton South,159,12661,12642,1.002,9.759,6.974,9.707,7.133,957,3,True,
212041311,Dandenong,502,30532,30671,0.995,9.19,7.605,9.202,7.272,835,1,True,
212041312,Dandenong North,257,22474,22430,1.002,8.772,8.705,8.616,9.235,932,2,True,
212041313,Dingley Village,119,10257,10285,0.997,9.883,12.388,9.767,13.023,1070,9,True,
212041314,Keysborough,280,25556,25980,0.984,10.222,5.782,9.983,6.808,984,4,True,
212041316,Noble Park North,83,7508,7487,1.003,8.613,8.986,8.552,8.999,947,3,True,
212041317,Springvale,249,21790,21771,1.001,9.297,7.464,9.271,7.507,849,1,True,
212041318,Springvale South,124,12654,12649,1.0,9.941,7.909,9.875,8.752,872,1,True,
212041459,Noble Park - East,153,12408,12429,0.998,8.946,9.826,8.871,10.847,905,2,True,
212041460,Noble Park - West,204,18635,18630,1.0,9.471,7.509,9.472,8.135,870,1,True,
212051319,Ashwood - Chadstone,227,18346,18298,1.003,8.486,12.471,8.411,13.019,1029,7,True,
212051320,Clayton,233,22378,22407,0.999,8.909,10.957,9.002,9.659,986,4,True,
212051321,Glen Waverley - East,213,21044,21085,0.998,8.369,14.967,8.266,15.567,1066,9,True,
212051322,Glen Waverley - West,240,19268,19241,1.001,8.244,14.379,8.223,14.843,1046,7,True,
212051323,Mount Waverley - North,180,15273,15277,1.0,8.08,16.019,8.041,16.946,1067,9,True,
212051324,Mount Waverley - South,256,18340,18334,1.0,8.258,14.492,8.123,14.712,1069,9,True,
212051325,Mulgrave,223,19379,19368,1.001,8.782,11.051,8.692,11.041,1044,7,True,
212051326,Oakleigh - Huntingdale,313,21335,21290,1.002,8.658,11.4,8.686,10.525,1033,7,True,
212051327,Wheelers Hill,203,19798,19753,1.002,8.341,15.255,8.253,15.907,1071,9,True,
213011328,Ardeer - Albion,101,7834,7836,1.0,10.371,8.186,10.482,8.385,887,1,True,
213011329,Cairnlea,102,9640,9657,0.998,11.843,5.822,11.567,7.474,976,4,True,
213011330,Deer Park - Derrimut,289,26257,26253,1.0,11.543,4.36,11.097,5.269,944,3,True,
213011331,Delahey,89,8303,8339,0.996,11.339,5.356,11.409,5.247,923,2,True,
213011332,Keilor Downs,156,13162,13189,0.998,10.709,6.864,10.813,7.527,973,4,True,
213011333,Kings Park (Vic.),144,13815,13831,0.999,10.843,5.083,10.967,5.5,851,1,True,
213011334,St Albans - North,220,20045,20092,0.998,10.54,6.139,10.611,6.61,842,1,True,
213011335,St Albans - South,182,17196,17224,0.998,10.847,5.169,10.947,5.362,832,1,True,
213011336,Sunshine,135,9794,9768,1.003,9.992,9.505,10.089,9.058,909,2,True,
213011337,Sunshine North,183,11707,11700,1.001,10.611,5.977,10.628,4.982,855,1,True,
213011338,Sunshine West,207,18561,18585,0.999,10.412,5.563,10.234,6.701,879,1,True,
213011339,Sydenham,122,11964,12009,0.996,11.499,5.263,11.574,5.548,993,5,True,
213011340,Taylors Lakes,174,17230,17340,0.994,10.763,6.738,10.714,7.422,1055,8,True,
213021341,Altona,209,12706,12689,1.001,7.572,8.93,7.412,8.527,1034,7,True,
213021342,Altona Meadows,222,19105,19160,0.997,9.785,5.647,9.452,6.05,980,4,True,
213021343,Altona North,182,14017,14002,1.001,8.851,7.344,8.908,7.585,949,3,True,
213021344,Newport,262,17565,17578,0.999,7.591,10.705,7.588,10.4,1073,9,True,
213021345,Seabrook,64,5118,5124,0.999,10.269,7.292,9.622,9.009,1019,6,True,
213021346,Williamstown,264,15433,15453,0.999,6.308,11.34,6.157,9.865,1067,9,True,
213031347,Braybrook,219,18217,18230,0.999,9.888,7.735,9.932,8.105,900,1,True,
213031348,Footscray,258,16314,16345,0.998,9.458,8.927,9.541,8.23,962,3,True,
213031349,Maribyrnong,147,12206,12216,0.999,10.32,8.949,10.072,9.432,1052,8,True,
213031350,Seddon - Kingsville,115,9234,9235,1.0,8.105,9.63,8.163,9.364,1048,8,True,
213031351,West Footscray - Tottenham,154,11442,11457,0.999,9.465,9.214,9.665,8.693,996,5,True,
213031352,Yarraville,203,14745,14798,0.996,8.295,10.456,8.398,10.755,1069,9,True,
213041355,Hillside,201,19885,20216,0.984,10.245,5.012,10.302,4.774,1052,8,True,
213041356,Melton,240,18227,18906,0.964,11.079,6.442,10.935,7.946,926,2,True,
213041357,Melton South,261,22966,23437,0.98,10.997,5.35,11.07,5.49,950,3,True,
213041358,Melton West,191,17490,17551,0.997,11.419,4.752,11.449,4.878,967,3,True,
213041359,Rockbank - Mount Cottrell,25,2278,3040,0.749,11.197,2.934,10.379,2.979,909,2,True,
213041360,Taylors Hill,160,19227,19224,1.0,10.966,4.524,10.8,4.947,1042,7,True,
213041461,Burnside,48,4744,4751,0.999,11.467,5.314,11.348,5.395,971,4,True,
213041462,Burnside Heights,46,6064,6072,0.999,11.928,4.098,11.716,4.748,1018,6,True,
213041463,Caroline Springs,194,19895,19900,1.0,9.651,6.967,9.454,6.751,1035,7,True,
213051361,Hoppers Crossing - North,221,19216,19224,1.0,9.486,6.335,9.553,6.474,992,5,True,
213051362,Hoppers Crossing - South,212,19468,19477,1.0,8.369,7.125,8.386,7.672,962,3,True,
213051363,Laverton,140,8879,8907,0.997,10.493,5.959,10.38,5.081,988,5,True,
213051365,Tarneit,288,34577,34784,0.994,8.937,3.395,8.895,3.343,1020,6,True,
213051366,Truganina,209,23395,23412,0.999,11.667,2.351,11.442,2.374,1025,6,True,
213051368,Werribee - South,166,10551,11333,0.931,7.525,8.022,7.119,9.732,984,4,True,
213051369,Wyndham Vale,228,23276,23273,1.0,9.061,4.576,8.94,4.935,988,5,True,
213051464,Point Cook - East,149,12175,12197,0.998,9.252,4.325,8.676,3.116,1076,9,True,
213051465,Point Cook - North,204,23151,23180,0.999,11.213,5.189,11.028,5.281,1062,8,True,
213051466,Point Cook - South,116,14411,14433,0.998,11.217,2.948,11.169,2.85,1082,9,True,
213051467,Werribee - East,212,19866,19861,1.0,7.726,7.58,7.634,8.285,908,2,True,
213051468,Werribee - West,137,11046,11809,0.935,8.17,8.311,8.066,9.484,999,5,True,
214011370,Carrum Downs,254,20698,20711,0.999,9.903,9.829,9.504,9.52,979,4,True,
214011371,Frankston,394,22596,22570,1.001,8.104,16.112,8.015,14.859,962,3,True,
214011372,Frankston North,263,19295,19289,1.0,8.766,15.508,8.731,15.145,916,2,True,
214011373,Frankston South,221,18206,18199,1.0,6.941,21.922,6.47,22.574,1075,9,True,
214011374,Langwarrin,263,22529,23836,0.945,8.247,16.607,8.166,17.81,1046,7,True,
214011375,Seaford (Vic.),345,16487,16463,1.001,8.487,13.871,7.78,13.035,994,5,True,
214011376,Skye - Sandhurst,131,12996,13077,0.994,10.233,8.02,9.996,8.651,1057,8,True,
214021377,Dromana,276,10780,11024,0.978,5.714,15.902,4.796,16.051,1014,6,True,
214021378,Flinders,90,2484,5369,0.463,1.546,36.394,1.315,34.009,1084,9,True,
214021379,Hastings - Somers,363,21501,22016,0.977,5.551,22.256,4.904,23.415,992,5,True,
214021380,Mornington,393,23984,23989,1.0,7.773,12.125,7.27,12.549,1022,6,True,
214021381,Mount Eliza,242,17854,17888,0.998,6.082,24.849,5.828,22.786,1110,10,True,
214021382,Mount Martha,300,18397,18548,0.992,6.606,18.144,5.147,19.749,1087,9,True,
214021383,Point Nepean,723,16691,17123,0.975,3.698,24.732,3.213,22.662,1014,6,True,
214021384,Rosebud - McCrae,440,20913,20943,0.999,5.646,18.72,5.209,18.965,962,3,True,
214021385,Somerville,198,15958,18089,0.882,6.422,15.978,6.29,15.835,1035,7,True,
